biostimulant,poids_moléculaire
Amf,
Bioatlantis,
Biomega,305.4
Kelpak,
Naturvital-Plus,
Phylgreen,
Trianum-P,
Basfoliar Si,
Fitostim,
Instant Td + Impuls Td,
Previsan S,
Siapton,
Calleaf Aminovital,
Maximus Amino Protect,
Nutricin,
Tnc Bactorrs13,
True Algae Max (Tam),
Vitact R,
Golf Algin,
Maxicrop,
Progreen,
Am 120,
Baktokompleks,
Raiza-Mix,
Scudo,
Diehard Complete,
Mycoapply All Purpose,
Acadian,
Acker-Schachtelhalm Extract,
Atonik / Chapperone / Asahi Sl,
Auxym,
Bio Kombi,
Biplantol Universal,
Comcat,
Crop Set,
Activ 0-0-5,
Ez-Gro Chitosan,
Fulvic Acid 0-0-3,
Humic Acid 0-0-5,
Nutri-Stim Triacontanol,
Organic Bamboo Power Bbp No.11,
Ptb180,
Ptb185,
Rootshield,
Wollastonite,116.16
Fh Attivus,
GoÃ«mar,
Pepton,
Terra Sorb,
Vitanica Si,
4-Vita,
Amalgerol,
Aphasol,
Blue-N,
Biohelp,
Booster,
Cycoflow,
Isabion,
Kaishi,354.5
Kiem,
Macro-Sorb,
Megafol,441.4
Actiwave,
Algipower,
Fulvagra,
Huminbio Microsense Seed,
Ilsac-On,
Powhumus,
Bio-Cozyme,
Cease,
Good For Greens,
Humifirst,
Agbio-Endos,
Agro-Sorb Folium,
Aminoplant,
Apr,
Bei,642.8
Biogrow Endo,
Diehard Endo,
Abies,
Aegis Argilla,
Aegis Micro-Granule,
Afital K,
Agrialgae Biologico Original,
Agri-Fos,
Aminohort,
Biopost,
Mc-Extra,
Agro-Lig,
Alga,
Alga K Plus,
Algaegreen,
Algaminoplant,
Asir Horto,
Balox,
Click Horto,
Ecolicitor,
Algastar,
Cradle,
Hydromaat,
Kelpstar,
Mobilizer,
Mycoup,
Nanozim,
Niger L,
Serenade Aso,
Adesil,
Basfoliar Kelp Sl,
Begreen,
Bio Algeen,
Bio-Algeen,
Bioup T.F.,
Ekoprop,
Fitoalgas Green,
Nov@,
Delfan Plus V,
Biogenesis I Np,
Bio-Yield,
Ecoflora,
Environoc 401,
Mycoapply Endomaxx,
Nature'S Source,
Elorisan-Ma,
Fert Peixe,
Glutacetine,
Bio Forge,
Biomin,
Humacare,
Humiplus,
Seamelpure,
Alginure,
Amino Expert Impuls,
Argicinplus,
Astron,
Bactofil,
Essential,
Grozyme,
Algavis,
Aminoflor,
Delfan Plus,
Mycogrowth,
Bio-F,
Leafamine,
Expando,
Naturamin Wsp,
Proact,
Stimplex,
